{
  "version": "2.0",
  "logging": {
    "applicationInsights": {
      "samplingSettings": {
        "isEnabled": true,
        "maxTelemetryItemsPerSecond": 20
      }
    },
    "logLevel": {
      "default": "Information",
      "Host.Results": "Error",
      "Function": "Information",
      "Host.Aggregator": "Trace"
    }
  },
  "extensions": {
    "queues": {
      "maxPollingInterval": "00:00:02",
      "visibilityTimeout": "00:05:00",
      "batchSize": 16,
      "maxDequeueCount": 5
    }
  }
}
